episode,reward,avg_reward
1,266.1127731066876,266.1127731066876
2,32.407641297613345,149.26020720215047
3,1.3997532108480275,99.97338920504966
4,64.23100730305526,91.03779372955105
5,79.39341534685374,88.7089180530116
6,85.73744760071527,88.21367297762889
7,96.26284064264011,89.36355407263048
8,47.293427941707535,84.1047883062651
9,30.662970784207896,78.16680858159208
10,14.614925128711551,71.81162023630404
11,25.143487888919175,67.56906275017813
12,141.41054761161254,73.72251982196433
13,46.74251748899214,71.64713502712031
14,55.98619300421557,70.52849631119855
15,83.37106598752024,71.38466762295333
16,74.16710201821033,71.5585697726569
17,8.960143486674948,67.87630940289326
18,41.2352443197244,66.39625023160609
19,25.658546744514723,64.25216057439076
20,53.289649989877404,63.7040350451651
21,7.518925228216839,61.028553625310415
22,24.806727651400816,59.382106990132705
23,0.1051482536448699,56.80484791463323
24,82.21049342037139,57.86341647737233
25,11.482226196966542,56.008168866156105
26,3.0691758337206836,53.97205374952397
27,14.400361357116008,52.50643551276812
28,78.28901872119914,53.42724205592638
29,190.02818432901708,58.13761937568812
30,41.582820158125124,57.585792735102686
31,79.71816975904203,58.29974038103621
32,27.510533835434423,57.33757767648615
33,122.08676788070191,59.299674349341174
34,22.470738468438903,58.21647035284405
35,10.894848218011633,56.86442400613455
36,9.331584318739296,55.544067348151344
37,7.804342945366194,54.25380452645445
38,12.301211377775541,53.14978891727869
39,3.6988046353787674,51.881814961332545
40,39.06841297129738,51.56147991158166
41,5.790018486565732,50.44510280365444
42,0.5051482536448666,49.256056266749454
43,29.869725771264175,48.805211371505614
44,19.78844048285712,48.145739305854505
45,3.703235355518661,47.15812810695816
46,286.80535571157463,52.367850446188946
47,48.56063998766754,52.28684596834806
48,18.725838143884047,51.5876583053384
49,9.683620849869312,50.73247386747168
50,25.386252772177357,50.2255494455658
51,72.88808249426552,50.66991283867755
52,47.23623967248223,50.603880662404556
53,69.53373786929554,50.96104777951571
54,114.51542140093595,52.13798062435682
55,1.1999665971563052,51.21183491477136
56,20.13399407298559,50.656873471168055
57,9.43361532924423,49.93365841604658
58,28.813593527921032,49.56951936625131
59,31.574208890373143,49.264514103948294
60,3.697392069935553,48.50506207004808
61,7.9499682621457985,47.840224466639846
62,153.88254943112025,49.550584546712116
63,6.4236519346860925,48.86603006080694
64,24.881688208302048,48.49127471936154
65,19.639966996195028,48.047408446697446
66,69.93326477234868,48.37901233041943
67,17.033799386019012,47.91117333124927
68,53.77703113028112,47.99743594594092
69,110.1084112246373,48.89759500795101
70,121.98954320028696,49.94176569641295
71,3.8119610083292397,49.29205013742585
72,36.4227070086105,49.11330926063677
73,54.403235380614355,49.18577400200632
74,14.004772493165783,48.710355062697666
75,21.70227539328856,48.35024733377221
76,21.295377064596284,47.99426219865148
77,23.442565866552155,47.6754089995333
78,44.24580152089708,47.63143967288412
79,37.35486454097141,47.50135644336624
80,91.75175469793194,48.05448642154831
81,71.88617102990501,48.348704750046544
82,62.46592459334335,48.52086596764773
83,40.70321119525877,48.4266773559322
84,35.80041687584535,48.27636473116926
85,31.92488731579672,48.08399440863547
86,11.274335125220002,47.65597511464226
87,4.664230587407414,47.161817131570594
88,32.169821113114665,46.99145354045177
89,18.306686404185925,46.66915278611171
90,31.34083099583164,46.49883809955303
91,10.572132697008916,46.104039139085515
92,10.963719043340369,45.72207913804481
93,34.808078891493686,45.60472429668405
94,6.688032696360595,45.1907169392338
95,90.54326884842978,45.668112222488496
96,31.853651951514635,45.52421159466585
97,46.50618056789936,45.53433498614249
98,22.35903692251787,45.297852352840195
99,84.12666484138828,45.690062579997246
100,4.574353191443026,45.27890548611171
101,37.46841442125813,45.201573891410185
102,0.6602950554304853,42.573331534467044
103,111.35829637576597,43.35502118870618
104,52.679988416453384,43.86274628975177
105,2.320356604431949,43.249769550161446
106,4.789862718221489,42.51112051423439
107,22.774343030345328,41.88772343928023
108,38.737979962961,41.318170363243794
109,29.110445856146058,41.13814083764418
110,94.87642421885916,41.7739176043239
111,-0.9950547536867305,41.619363348062535
112,81.56498379218247,42.17799202037208
113,144.53663797100145,42.20894341006899
114,76.12214442210245,42.49983080544631
115,18.88040623388244,42.13244677801728
116,3.173228596302861,41.33840878404482
117,5.715440462168376,40.66066956071768
118,1.5950547536867306,40.58774789009404
119,2.648698052567744,40.20570287754793
120,11.36614538563733,40.06419395320261
121,2.5051148508011702,39.5613767736078
122,52.56026465639377,40.00733062933232
123,33.59606911892527,40.0943538121791
124,86.9127608887195,40.95383512539765
125,50.85838130629439,40.64341817377313
126,2.1999983369439446,40.551514927634294
127,182.5861290615252,42.32891050414721
128,13.449076058051388,42.319491837819825
129,14.094777759556312,41.683905293645154
130,14.580076888665044,39.9467953189882
131,27.35116446067627,39.80588783683525
132,32.266904476367294,39.33607332908599
133,83.37879419102364,39.88922442171559
134,179.21447448333504,40.4548452791674
135,41.43147603500184,40.64257535408387
136,321.86868852234346,43.72152426798814
137,15.51924335759791,43.782788218867935
138,54.98537551415878,44.249927155192594
139,28.385008532630223,44.4091726715773
140,70.78368693003425,45.07337942696993
141,146.3570718851457,46.135643376612
142,157.73534172737553,47.640052517610116
143,117.81918134323183,48.80157759770505
144,86.56793614051342,49.36294601720257
145,179.39535866807066,50.943212533887845
146,6.389771922484084,50.96981190583799
147,62.17055690067337,48.74570498691819
148,53.51877144030472,48.79479539734034
149,45.587701065341534,49.06075443616664
150,38.97710945257397,49.35078897678748
151,32.013724014875855,49.41640750394291
152,12.925509953449316,48.822718666905125
153,12.34040782169035,48.47721538125372
154,405.4842414655602,51.803457991117725
155,11.32111379232488,50.78173217321068
156,224.71946205196977,52.994796484644475
157,105.75177316319792,53.84249726771588
158,112.0898775242784,54.858895903310284
159,64.65631393755844,55.21377432320768
160,15.96210690745932,55.059199056050126
161,101.26037569494437,56.02516919095122
162,78.30259806249265,56.72172988204375
163,44.50680342161147,55.63880170373178
164,23.819245932178877,55.81103530766735
165,32.653679172819636,55.88798571325663
166,11.032706244110553,55.80276530977064
167,-1.2384058440442351,55.09809530366774
168,157.2186395821077,56.48606401848051
169,36.393391895053966,56.313948778527774
170,38.472721530754654,55.6046845241329
171,61.64603276881066,55.00722402481135
172,27.28666452707135,55.2396468319276
173,36.07334697405904,55.236187821684524
174,38.56767493053574,55.07940009445603
175,165.7939092863896,56.58226283498299
176,56.13903284820503,56.923220829586114
177,26.41218781842519,56.97388232219827
178,21.82892844834769,56.95790571409725
179,10.563408716710498,56.62441667643204
180,138.56949629834895,57.626541743336766
181,9.450507300669468,56.81167790772031
182,132.96040986593079,57.41637334174037
183,2.6602950548712085,56.8242383958149
184,109.01714804742764,57.5006140082126
185,4.8550999811404365,57.19422473202741
186,42.77328609240491,57.30163462090472
187,18.41694242651684,57.37235350507597
188,48.05068758444894,57.80192238623479
189,153.35848868793414,59.001810184005286
190,117.35952848098117,59.982531392686425
191,13.820298626759827,59.809060775170856
192,171.45914789208686,61.40200151967658
193,12.722419472753845,61.41941439521533
194,226.5780148320557,63.318126632250596
195,37.45347088440985,63.622734931142176
196,50.4490520171623,63.22576248726823
197,25.956586420966133,63.16737569983707
198,7.795408891483517,62.78410073274385
199,180.137259466521,64.3462613519914
200,6.181331466948784,63.574525377987044
201,5.160923230624508,63.580333002137365
202,74.21640221596088,63.944174465451255
203,7.795408891483517,64.01481915689732
204,80.43109727047971,63.70860926476577
205,41.354655018582946,63.596477250925474
206,208.63735230957482,65.63921978265955
207,15.169913862753061,65.74199256626878
208,106.89837805321152,66.57490380411893
209,21.78647424517103,66.40706711384378
210,248.33018723802311,68.57755960277328
211,49.98801342199889,68.13311989191327
212,34.807184881778774,68.4875975120664
213,31.192522313524513,67.98886026970345
214,24.355109308474496,66.7989441443319
215,15.121410723472046,66.19497648394942
216,54.71295900409114,66.5497542341495
217,7.720766350149123,66.5947793604252
218,21.630617592178208,66.75235537161342
219,114.13703027564995,67.86663235697938
220,7.883759578935011,67.91846464931966
221,122.0494492130634,69.01433894464071
222,25.915759633301914,69.24612750684368
223,75.9017483559834,69.47723130584953
224,99.53191803105695,70.13006149309835
225,9.826169175024948,69.36682791177465
226,126.55701252253075,70.1163193099552
227,17.2096803648869,70.26493002310315
228,64.64404396420679,69.09718660629801
229,66.71151851540137,69.62453752171731
230,81.2816009600923,70.28975359300975
231,5.028258167483231,70.19518113042379
232,323.92222827061903,73.13152829685887
233,40.63972976636696,73.21442755715589
234,9.928046194997059,72.48719242848237
235,130.97836193182908,72.00960715569518
236,41.037446328596985,72.00570587147335
237,47.830986686319875,69.29246129883947
238,63.38235784632132,69.7663535215001
239,37.586943983310654,69.59409182317485
240,39.98910931875199,69.70898391016617
241,24.27904685493027,69.24854192922453
242,61.31752948542645,68.40656626190058
243,73.59163102666129,67.57346021535885
244,15.537330698755575,66.56076862481949
245,17.679330989376012,65.87870322728347
246,13.132697545388632,64.23253826567277
247,67.36454750043521,64.83624891495941
248,41.302026612305795,64.6296298031934
249,82.65433744681793,64.91810075375292
250,73.39486210687593,65.19341917990674
251,17.556477515984067,64.98133371518801
252,63.713101328304965,65.29518893611308
253,183.44256908208772,66.98347665025801
254,259.34232362650584,69.42904017307795
255,130.33572521188046,66.704797437893
256,6.253968029483314,66.65462767786488
257,121.73950148776878,65.63502410792229
258,-0.8948517463551335,64.5791169306
259,13.787374450611408,63.60582482095971
260,47.80584518565422,63.43898849668343
261,55.7440998600461,63.83286961502587
262,214.90438379133212,64.95805781400003
263,46.0241192589401,64.63846891495493
264,3.173228596302861,64.22922559985288
265,13.114737276272427,64.12324036563598
266,149.3545878466584,65.27869490696112
267,3.1816690518381607,65.20096186545346
268,16.36512729542908,65.375254272775
269,51.27742828879475,64.32633138868279
270,3.797507197350266,64.00359985702235
271,15.737873205613269,63.77850234885263
272,11.369054548313407,63.28071048528336
273,1.5950547536867306,63.02633811128944
274,132.66938350268666,63.98273451256298
275,9.94258803801517,63.69931781065683
276,33.00920239167303,62.38461774239231
277,62.674202315405005,62.44932239058241
278,112.57481405541557,63.30241769985953
279,143.2326192810198,64.50443444077709
280,6.261706367549957,64.46184332840917
281,88.10007316972587,63.96214606970993
282,28.202283373178883,64.1478072189427
283,82.78826071537297,63.65105326695697
284,6.150608250313226,63.68561082334748
285,35.47192122368605,62.957440260736185
286,105.70776229742897,63.955981471788554
287,53.746827894167794,64.06463040051888
288,67.56666118181415,64.55126127928419
289,71.34707127673383,64.78191854356425
290,26.648836623688016,63.52736753302717
291,29.136065442615763,62.65386789898393
292,11.914722508114085,62.63500080870031
293,9.061017194267476,61.027098524563485
294,31.02323328767331,61.208294700948834
295,69.64188557338704,59.6544716389818
296,106.752470986244,60.34060035286135
297,350.0610165608644,63.30705544735344
298,118.331846381374,64.22166198161491
299,19.594566047142926,64.33848531978975
300,395.14663805974897,66.46729104843557
301,107.99926551360234,67.47538940533313
302,43.08702622557562,67.85089537558018
303,7.575168187393029,67.19108117727752
304,8.488978585386507,67.19794820394984
305,5.992561951036997,66.46093300276723
306,18.282916769265125,66.2324999507938
307,36.831630240054515,64.53145319763023
308,46.799480477667444,64.84461722352047
309,150.0887115495102,65.27224428784025
310,72.4507345186084,65.77387062718122
311,9.310894603201188,63.4073429773315
312,18.268433815337204,63.093287733701196
313,2.5590823337625475,62.773999589661436
314,133.45209046653858,63.78647056147345
315,1.538575448532136,63.56056428563244
316,2.0620837544163133,63.43126401861209
317,21.11082362137083,63.09856960888218
318,110.52283761889916,64.11641189867177
319,46.509965095957114,64.36274207197653
320,271.4682150655779,65.92047657484709
321,56.66086804848667,66.40341824286246
322,104.61182821167087,66.2307685299774
323,9.382023189634946,66.06706816914901
324,3.0691758337206836,65.34595358972066
325,86.70929262833634,65.21899690256502
326,16.437894174640697,65.28445952632359
327,203.0641396324017,66.0419558343421
328,3.5033261512560654,65.90624935697942
329,140.36423347952754,66.65595420366577
330,119.76524299730329,67.18123860447668
331,11.914722508114085,66.49443782772443
332,163.42689418685575,68.06274115464889
333,20.865139039295283,65.06217591473481
334,90.85269011129628,65.55933393795192
335,11.37646495853437,65.57367471778893
336,99.62776564880276,65.26327277439263
337,59.59491095998533,65.44701004797074
338,13.545994807820914,65.10755468283708
339,22.2712086589438,64.70051360177392
340,30.593766074525945,64.63127421653843
341,88.83122565293407,65.11485952677786
342,21.276673273375483,65.08513305567335
343,24.91381619587293,64.72470025082629
344,32.83881913608406,64.32120706379087
345,99.47275335565897,65.15225085247309
346,145.28835474088322,66.41570653318107
347,42.79399126587184,66.70938270863141
348,12.87246674936582,66.16985715664062
349,81.68977992743613,66.569735902335
350,10.412057007590022,65.8544657989763
351,47.94325284119905,65.60246966763297
352,223.79788457688477,67.64446379694881
353,111.41977459265075,68.1168070965958
354,44.3121847805061,66.73927853915438
355,45.00063021296989,64.61708355486195
356,15.968090621374607,63.484730737134164
357,4.655790131872115,63.46890719359346
358,25.099686668158974,62.512077343894354
359,8.854448119545795,62.60860506533892
360,13.834295680799608,62.60906963197445
361,48.640765843638874,62.61733617314262
362,1.3950547536867304,62.07922681565391
363,34.77351159005048,60.295752833463006
364,71.31878963788256,60.54619511444263
365,9.488919237316784,60.60872670494772
366,101.23282611309637,61.48118303006479
367,94.7377564106495,60.940422322777565
368,48.88616331945362,61.392942068001474
369,8.348810264161935,61.31357259244439
370,14.083452499243116,60.94531540640923
371,83.84696948583925,61.73788433995863
372,121.81164636109855,62.78811971773571
373,205.33664436401827,64.70859090402982
374,105.716932664071,65.73950058631084
375,17.238203794543654,64.59661761890348
376,23.429670944369104,64.7301530932238
377,35.03239567816274,64.75018470992173
378,81.01217739845694,64.93174881965493
379,55.36816450252674,64.36534634883424
380,204.74031270562512,64.9743334124442
381,2.700203007331597,64.93907100293708
382,17.117326613300552,64.23627153208139
383,45.794799923446455,64.41045486426226
384,103.62431521188871,64.61675243353469
385,13.953969733485668,64.69401343831859
386,25.184846672968167,64.59216121504414
387,29.281458404440645,63.83546513689574
388,38.749590231764536,63.68697763528778
389,11.03789666638429,63.12728689751125
390,160.62213727783845,64.01119844207663
391,50.00381674716915,64.24243586904181
392,294.48531024873546,66.86965611464694
393,37.72314754681051,67.12518507542612
394,353.5828319949007,70.53629215266012
395,94.21004228259727,71.16190412290689
396,14.313015092629874,70.61409352408751
397,67.28624317557856,70.22333879328885
398,106.63395105261246,67.8131698278606
399,49.95621365270477,67.13618336520051
400,15.778455748269645,67.09840009491464
401,32.75079103354701,63.5103224015859
402,14.140163195107029,62.58102435882853
403,64.96853623827151,62.79767297281562
404,32.56640289637736,63.045110940231304
405,96.90413590381957,63.9205085374435
406,12.480355761911897,63.98474411972939
407,49.7204167268384,64.29600649554695
408,105.66321533141479,64.97750733803566
409,158.19274891337838,66.080410985914
410,10.895611898815112,64.70226148442198
411,45.07964287940642,64.43126057710315
412,14.927828674274258,64.48687378572764
413,89.77150691367733,65.19482500452308
414,114.69414141209849,66.30507311420956
415,5.649856050551602,65.03970445662554
416,16.75266178291162,65.19033897478772
417,31.988635791297934,65.48664147020239
418,3.186614073081106,65.30917404893219
419,50.08689207385999,64.71079835046645
420,23.525820149106828,64.48323255891349
421,142.05556867690515,63.20191922833255
422,79.88843087326954,63.43189509788486
423,48.96460550000634,62.88093249677927
424,163.1684560192492,64.40357044558733
425,3.1949639579493256,64.4048158725599
426,23.442477986633886,63.77841176719651
427,74.89486996805853,64.3571937057452
428,0.46211715726000974,62.35123308717944
429,247.38114093174545,64.76586491668925
430,30.62744590367669,63.679362069403574
431,5.266704486108339,62.54571317325314
432,70.24964234831505,63.12328663701751
433,10.604620350884128,61.61019481685937
434,49.89328483329292,61.89760220095836
435,106.22109690869061,62.04976464449691
436,6.1966640162891915,61.998479486652904
437,130.78051669998305,62.306922566367554
438,34.466066479514126,62.058122125966854
439,161.14486188069807,63.51949704748049
440,66.57068716931973,63.95810574560302
441,190.87629133863953,65.54506144128732
442,51.68274213457458,65.1772546737788
443,25.529952168896667,65.21936634601168
444,2.9566489096424955,65.00196865010841
445,46.18587915426674,65.13411775919931
446,11.547089321681215,64.26356663015005
447,337.2665359087327,66.16434070111885
448,54.81525887178686,66.28336315266256
449,43.708605953596425,66.58867146161533
450,130.6927876994347,67.07384975638762
451,29.668667978589763,67.26450927095196
452,89.60830424484914,67.67703453237424
453,28.58248866791622,65.74420883030525
454,105.54013919862706,65.68599461848322
455,14.666219710898678,65.39247021185345
456,47.91971307769695,65.4213720223953
457,131.17422578910373,66.56202682603619
458,123.05006821019379,67.73424740106907
459,66.04043237582184,68.13960131896673
460,81.62920642865465,68.86014348044304
461,25.566200942033827,68.97630095827705
462,69.38293012872693,69.18166892149576
463,18.36779785139263,69.34971588285917
464,30.343334297768195,69.30585274135143
465,19.712616007877703,68.79490052719297
466,24.369228996573586,68.94223032678957
467,126.14004485684617,69.1888364529653
468,41.701998280068175,68.66372993682094
469,114.47584480901673,69.31313272384632
470,6.160864077165151,69.2914698903117
471,33.4210660329596,69.48293141044752
472,213.91680299647686,70.77075154421621
473,68.74956558358333,70.24538440780516
474,143.03220690393306,69.62850878938848
475,61.47903642880076,69.19050981676203
476,192.29384110930758,70.92373394859138
477,1.5950547536867306,70.70754962987175
478,9.694966259318697,70.45668399206141
479,12.113253370577457,69.77451642742894
480,33.524516772978146,69.55824268753243
481,53.20936709878758,68.05793629538552
482,28.78499828225835,68.31620159513727
483,1.361594155955765,68.16020424407444
484,52.609915842553114,68.22768063931312
485,54.72280169964797,67.74350723820183
486,24.371285131107353,67.84664897481194
487,38.940986589615214,67.98284837992725
488,72.25858506824065,68.40836448550944
489,8.579176024118103,68.1096475131565
490,3.128055160151634,68.03133225071855
491,124.24558119821099,67.67116832913808
492,124.71877321499889,68.41092037337401
493,137.506882652345,66.856678515984
494,10.70543505756692,66.58917641213012
495,63.125002679176156,63.71335631989522
496,112.21953659612574,63.89166814478165
497,13.677641194136474,63.88537731410349
498,266.82374030252345,65.86099609753859
499,54.214158419241905,65.34198824968344
500,3.186614073081106,64.87892290731092
501,7.618764178776126,64.7981338818704
502,64.78724575864324,65.11532650291096
503,208.87991345705225,67.04344284213815
504,26.416873951741643,66.66174321553883
505,41.70699312885677,66.75224410892973
506,35.957024750955675,66.14880736484197
507,104.24880990419481,67.05740592070615
508,25.15453216865536,66.81417934092215
509,73.58202898817635,66.49654383257325
510,205.54244801954613,66.96535273461453
511,70.1715812164902,67.55224351993805
512,16.743993371672936,67.27169253471295
513,106.23188822391019,68.17569312431333
514,105.76930247167445,68.33408713973903
515,48.72898216143447,67.68096675111859
516,79.30956845815942,68.41027083436222
517,260.95805087749,70.82814597391251
518,9.382023189634948,70.60431812637128
519,101.71916737903324,71.57988796108368
520,10.783485050578625,71.19074531728882
521,27.91455785057779,71.23419816581823
522,52.39640473498951,70.34648367134382
523,27.77200626811949,69.83047946733244
524,32.67552475264678,69.66920144013086
525,16.106770579510773,68.2131451486483
526,14.337967996172813,68.32347192130398
527,179.18284472108502,69.86545575035794
528,220.49764924146416,71.30706742633227
529,36.486573830904085,71.66374521518023
530,3.167265410904877,69.24578605160755
531,12.964250214020648,69.07090292596739
532,113.32025809605572,70.14074009042231
533,10.616042856846054,69.55030841228896
534,121.91487320742525,70.65239012373986
535,89.09454716194,71.04052143392448
536,167.90114946732257,71.65121502361391
537,55.024052909999206,72.13465451761103
538,12.538648866145913,70.96394295489978
539,60.77361904307452,71.22441377236076
540,75.35131475426854,70.37497271170305
541,80.48854056278151,70.5127732403512
542,32.93725260960917,68.94902038164793
543,41.43997193120883,68.84760681527796
544,52.92903687760354,69.11888488170081
545,62.71228694512409,69.71052486225013
546,83.28312027754583,70.0778242793123
547,197.22772007618312,71.91624636599053
548,56.58378061569662,69.13720918487137
549,106.20547657863804,69.64602322157285
550,23.815014538092587,69.44905696993419
551,197.69454208312112,70.11244067670337
552,62.29973638570045,70.43552056192229
553,21.29212342770697,69.75912273204959
554,96.28677448107331,70.4294621955462
555,1.5051482536448666,69.39941278024935
556,27.705332999083485,69.52851291181554
557,18.773972853174136,69.23994122642422
558,32.94619031232066,68.2673864197234
559,23.119798034087843,67.27797780411838
560,34.47921916870577,66.96549054464198
561,116.1424917478138,67.30720624087128
562,52.78498303634433,67.57669913289416
563,33.71883842289575,67.22358931402454
564,4.790018711636057,67.08915585719527
565,116.65936084209261,67.94376998139649
566,54.34223644203083,68.28663751044753
567,53.59823978913193,68.5760336569085
568,33.42518086778023,67.65806470652171
569,36.895348113941004,67.61047411081748
570,72.00558859556031,67.18997652454563
571,109.68512949390659,68.21496925144406
572,128.64851724941602,69.15781530309214
573,34.42155900184846,67.38063466948196
574,44.609398312413546,67.14162311234168
575,34.15923450499863,66.06367289057005
576,85.58962283460119,66.3023915678552
577,23.474601804956404,64.63091395098043
578,385.74127246530014,68.43434184911521
579,26.88234761739646,68.60451394176945
580,10.848989155256023,68.59199647429102
581,37.52807665299622,68.63163568102388
582,45.74127420854248,68.55769416725907
583,99.9791785907393,69.26258704160047
584,59.844670521707215,69.84162740165742
585,10.874922183277004,69.42840964265467
586,43.64997928555904,69.31877773756469
587,95.71128352982389,70.02511435537376
588,124.56074376421864,70.87283472343914
589,32.57620881998424,70.47993990909997
590,64.79715140924648,71.03655352677451
591,78.9116053516481,71.78688570688834
592,83.43896863643556,71.38285983994007
593,11.225044774343294,70.25915955834944
594,84.98968116534148,69.7391872663989
595,13.426820425142814,69.76613167597885
596,15.516155068440247,69.29475694715968
597,93.22056851488672,69.10664835229593
598,147.82086925000257,70.43479912512629
599,38.072684696008444,68.16993718842812
600,60.74393142962975,68.23458840635276
601,29.613445316661686,68.49624020084364
602,3.2917291489526006,68.4533982698553
603,37.70577778928847,68.18526492362406
604,249.17826344672247,68.58425848787823
605,40.30720000542381,68.72178646860775
606,59.87313911369955,68.90164930014085
607,83.16817160949743,69.36908639775017
608,3.1816690518381607,68.36842163683573
609,139.67828241066218,69.50232015408334
610,41.11621619739591,69.18087646308553
611,35.93544187453582,67.50159917452106
612,69.68714921512377,67.49680281807188
613,33.48888951880266,67.66259386903357
614,99.62707880338638,67.5971997163551
615,98.47919874544954,67.525020471541
616,24.459006515227127,67.28472368296468
617,19.74283130491025,66.69495400818003
618,16.506908754272835,64.27464567032641
619,21.887451085222427,64.39846178810448
620,15.940699149448951,63.54917002345515
621,8.049752966464993,63.522103369156994
622,9.22591460379399,63.33706729740666
623,10.630080816393965,62.923539337816614
624,75.8596568135217,63.39965468975129
625,15.146363985754805,63.22609864255435
626,36.97832665451472,63.432747712603884
627,7.795408891483517,63.36796989968617
628,208.7816465970683,63.661027344002825
629,64.04798875780891,62.112020804560686
630,25.786528801076432,62.00607976466141
631,20.87767175046472,62.18143032247883
632,64.62367178063435,62.69290974393044
633,11.320741856291665,61.68301354353673
634,94.16755023271206,62.51025619082254
635,113.29899162147258,62.424950432545785
636,174.03430416443695,63.26593812563982
637,7.8913341711695155,61.68168252864821
638,41.28070209556312,61.54560974830727
639,162.24502565792437,63.02785110268131
640,167.45123115509946,64.08406508398849
641,43.88277823221267,63.77249541545327
642,35.897827742529614,63.331003209312165
643,56.19588752436675,63.56128672331966
644,11.193804457501347,63.2618197186295
645,62.142177884508115,63.353038936519646
646,52.65768158683663,63.25348838841778
647,128.4680962974187,63.70086438861455
648,101.8512197356351,62.75654260306457
649,26.6192928910132,62.45986450678056
650,7.892005546889054,61.486463803495916
651,264.26438262551767,63.867150616242704
652,47.095742782062025,62.376073395440145
653,168.4676919759233,63.42724127257107
654,38.05781923207254,63.5932382607331
655,23.56577052609476,62.8732283205848
656,164.4913139002406,64.48695273292734
657,82.4053788179718,65.02853734499553
658,82.28829615669316,65.65739203116898
659,235.3951958896172,67.66183763094419
660,15.312213668219423,67.58453481544055
661,13.567518811983234,67.37748827725515
662,57.37289192178194,66.79561105125485
663,143.1165567198177,67.68998306792291
664,202.7493951626345,69.3635529366332
665,75.77587963024594,70.06638324275805
666,68.86520628534625,69.59317379170115
667,116.65662645625783,70.21014795025786
668,39.32377760959444,70.06881664154957
669,56.89267465501308,70.30116806518554
670,59.89243498407013,70.52886199459276
671,41.146571162678846,70.22332716852462
672,3.195053090630675,69.16896997641298
673,112.41166633134021,69.008209076234
674,117.33740020602829,69.82915799904767
675,5.700833348606332,69.44392468257433
676,2.9639941772321206,69.13506091695287
677,171.27684355765433,69.9834492409435
678,14.04625377704236,69.89009926046911
679,27.480726205089255,66.34296513908089
680,67.67668017934307,66.74686942187243
681,69.2270883571348,67.32487040406926
682,42.68508199010961,67.37592986285254
683,177.77594690354917,68.68320384993181
684,4.623706792567178,67.7390902677717
685,113.43617843254482,68.2696992569879
686,11.495630918358597,68.27584488802833
687,13.717158914532693,67.97948032989936
688,2.666709006756935,67.05824691877989
689,90.68478856731713,66.72284142178086
690,10.99191445670896,66.50913553699597
691,73.615191497882,66.5964428646062
692,279.47345639790245,68.58220376605428
693,25.208511545509573,68.00566458693619
694,66.05555625807723,68.5485409382603
695,132.91815009723285,69.02308023461566
696,26.14278218433353,69.1489808460928
697,18.203601262947224,69.17558922425621
698,1.5981778976111989,68.26843684190696
699,57.20717153739791,67.37127151801978
700,55.36312840462255,67.54246402998626
701,83.10459167358783,67.76385670566901
702,58.92955539911594,68.05411522133687
703,49.18371555937176,68.50849132441033
704,7.187557301816782,68.20633072552448
705,156.81092739288025,67.29180264578346
706,1.3640275800758168,66.90622668117607
707,125.16015904638789,67.55263281912349
708,13.543837233739438,66.86328297381894
709,45.85235968714343,67.28576505931701
710,79.44195099829328,66.68936573840247
711,72.39208135804931,66.99902776969607
712,41.41908094204126,67.05332122580998
713,10.977077943321678,66.4720333914357
714,129.12069662507932,67.41888296674537
715,244.1319732978646,68.84962449639367
716,23.816496370092786,68.11038981940995
717,80.10836382589525,68.66137355515913
718,72.39937289738343,69.18272545211431
719,135.30049622117252,70.35889958544995
720,113.56459864067992,71.266594115702
721,52.41370288007234,71.62771296452006
722,29.392403292438754,71.83902633408415
723,185.80504930539246,73.58733459845642
724,50.74800813961582,73.98454179967644
725,312.6104092036869,76.32860865502461
726,107.40376148357075,77.2420482342109
727,16.475543012875228,77.03905037637288
728,167.06906195266382,78.61601723836478
729,66.42546429720458,77.20655008688097
730,14.644841669517353,76.71741001669986
731,85.87441587985815,77.31233959173731
732,31.545331139903453,77.41795998173176
733,9.75807285546329,76.87473622999738
734,124.77615976136934,77.99805719935458
735,13.952147661556822,77.20384529270947
736,51.53216426312603,76.59229254658723
737,14.421152783751133,75.0119643150953
738,124.57040044777298,76.16720259506168
739,72.1927584715594,76.47326255918045
740,114.65939757990893,76.00211772672485
741,40.802532180524324,74.7481702121251
742,120.66817206451445,75.5084216362073
743,2.7326908072747487,75.18005394377903
744,36.38738156840578,74.98393012243288
745,128.10321312955364,76.14144902017597
746,25.796975895933592,75.78159553514058
747,1.16723200806118,75.27178910366756
748,82.42111972598121,74.81587844454441
749,1.5051482536448666,73.82235298432668
750,92.21052674074332,74.47177114125472
751,24.3697964980522,74.63491758631572
752,4.527745560961479,72.06326771438943
753,106.10164584224029,72.64748457637138
754,29.895399353531076,71.27548167911999
755,81.03744678890018,71.70102254601927
756,228.31111806342324,73.72820420480471
757,159.04096222617767,73.67424032684369
758,349.0138523654673,76.31392818374958
759,93.04353601872837,76.42041570713609
760,70.48512919816477,74.78764276959693
761,41.61968018254581,75.04811273508533
762,34.37190341622803,75.25409674106793
763,30.990019058681852,74.99288017806694
764,34.967861228813206,73.92210101478966
765,28.1225203337514,72.19312205608786
766,15.91987172372396,71.60048831443913
767,75.4092586127457,71.66528091174013
768,37.78199811741538,70.88434399749416
769,259.1815212930134,73.06115334089432
770,71.46207377933156,73.20540481737272
771,6.666771288607781,72.67841804811071
772,147.65660703912965,73.73297285876865
773,20.579708096872945,73.90509815586017
774,134.13546483179746,74.12018526972608
775,37.48713308649946,73.32958856557234
776,40.40222292266495,73.67316668016697
777,165.60453739970941,75.28346908831031
778,21.65167647112494,73.80203179042388
779,33.587731262824,73.99551176553062
780,72.87053177371155,74.44491578106152
781,19.555676820144484,73.96847020324768
782,65.55747476515832,73.93213739540633
783,85.74044035920193,74.35842807232802
784,89.20863900506346,73.48152403372917
785,73.33135096891027,74.16179773844544
786,77.11049790024903,73.8021375351554
787,48.24042132173599,74.16594734112944
788,55.89039995903915,74.58350418315425
789,15.364862632684499,74.70922847648026
790,55.76288633319801,74.36346706822165
791,171.58922859296138,75.95353948541228
792,6.2867265097456215,75.2869210201832
793,28.599922647612583,72.80302464641795
794,15.655454793269401,72.70843992609875
795,6.666142223632314,72.1204259257577
796,6.1966640162891915,70.86575774673847
797,73.70103176550033,71.33663150496783
798,97.80121061827569,72.1247266470998
799,39.351791076264405,72.4985247973835
800,56.49964005143396,72.49151953514624
801,47.107238469816934,72.40977805064321
802,393.61267483716244,75.48411550770831
803,37.0877229907879,75.26785974128923
804,56.41013930062719,75.33940849120263
805,15.96383653716218,75.42630234501794
806,49.38062119293006,74.36263594699864
807,41.554655886520564,74.76056295993374
808,3.66492030721183,73.5576398041003
809,40.188233195383646,73.82144570471064
810,5.861126463026429,73.42549290051147
811,50.08567736097939,73.13483672588458
812,47.28354634395993,72.88623736930944
813,211.058831989545,74.56583886482927
814,59.39068910857291,75.04518154963374
815,82.92469757628304,74.58779542043773
816,7.8264360650944305,72.24813663595485
817,12.790984791158284,72.13897315497532
818,85.63914472303163,72.19373336187766
819,39.919667169956405,71.87215211705166
820,12.074442589434517,70.65209218010375
821,72.66124536891176,70.24710848434366
822,44.1892407907658,70.16567816662777
823,153.91186052163158,71.39854407978808
824,69.11578259369907,70.24320480541489
825,153.10602340275278,71.25665050108951
826,1.361594155955765,68.17497906497336
827,3.951703663329226,67.15070126477293
828,98.78026495972519,67.96559950187046
829,25.30487794254563,66.56199371959205
830,70.23800242952643,66.59974162189228
831,7.26394873235569,66.52666347399959
832,53.40049473731567,66.20513950229126
833,13.740567038087384,66.02885470920397
834,28.930990157104542,66.21868557357665
835,21.61998206429568,65.19733727954623
836,156.53786199345157,66.60907702540658
837,38.33637967675461,66.47842569286824
838,43.84668335659173,66.76976757972805
839,278.9858187953575,68.29863310792196
840,115.80310863807215,68.73041875313496
841,61.15696045704406,68.20069165290856
842,-0.00024678915197251516,67.79670374231772
843,96.83841181833279,67.5607655220585
844,46.309794794192605,67.99222199717649
845,100.63536206657258,68.62834061597022
846,36.87574021506654,67.72509830988619
847,148.86677863665622,68.94361120830918
848,88.16684134540931,69.80499347897599
849,20.030006270446957,69.18725968238654
850,183.75949027538525,70.99175811824537
851,9.319335058736488,70.17105325010668
852,7.796663404484738,70.0069628234377
853,61.370338257113836,70.56976077092436
854,22.99548150210579,69.74692746062598
855,77.4779664571924,70.21804198640481
856,89.94850629010875,70.30627029829797
857,42.19592920569852,68.46354565614226
858,2.199999774929676,66.91066483979328
859,94.4449245032972,64.39018040551439
860,44.87258101328024,63.913240256945585
861,5.088365136170667,63.2657475434605
862,0.6000000000000001,62.85961209610856
863,88.18986966016499,63.39246324703863
864,66.95890855977764,63.74859086586136
865,146.92142724912688,64.85704201457733
866,42.961781347167154,65.00396539094778
867,86.34060498778354,65.70120037376026
868,10.783485050578625,65.06134122958038
869,120.57953662178808,65.88111883853458
870,59.288291338617675,63.90197794789698
871,91.0652429850636,64.09606873211214
872,86.66064776030522,64.88808731103985
873,51.724860658250336,63.938268039942045
874,34.91423872047774,64.08019408572031
875,13.806395667954819,62.88881716330602
876,324.2566062630052,65.7281188779249
877,99.85638575340764,66.316773955457
878,1.5950547536867306,64.69291769163499
879,0.6000000000000001,64.48448525132683
880,9.064491926585049,64.24168090146307
881,58.031860690211175,64.09476336598287
882,16.7293792359461,64.06678022158486
883,93.29431029191672,64.34140235551317
884,166.5490261079926,65.14148736292694
885,139.22850164203217,65.63673352764938
886,3.1865235024140253,64.94223028540686
887,3.173228596302861,64.21017811408066
888,39.46766984121174,64.1233191885309
889,71.77335787950521,64.28057619764444
890,132.12334891241636,65.43660081427544
891,12.212379662984928,65.00540767892679
892,355.13254659901776,66.82266825324419
893,98.94843111622717,67.74011087311032
894,11.325308588831327,67.56907509035013
895,61.236048873890326,68.02036810104934
896,183.7283971050685,69.77345973353881
897,11.396569801478357,69.82494394923374
898,87.07583183614948,69.95736771230949
899,29.570360120444615,69.28181473708344
900,34.83655969460933,69.23710947587894
901,130.72960406654397,69.9720596146424
902,78.6318484523996,70.28418446595511
903,17.09255180833375,66.55626245576869
904,67.48367600320825,66.85721248559463
905,211.94242908162695,68.39713614679265
906,62.58512442701801,68.8587330565932
907,4.781668826767836,68.41715927078961
908,21.69715815672556,68.2205503823758
909,169.69434445991135,69.86440606705598
910,38.586381988386165,69.84854615411541
911,16.750397064667155,69.95636071452772
912,108.02323532400428,70.52999990228042
913,68.15218604721318,70.73662009736215
914,30.376076426769085,68.94768192347327
915,50.00568477539968,68.85476108849136
916,32.77618737757311,68.35824118553384
917,19.808696197350045,68.47687742446706
918,164.81105841783153,69.98202666829552
919,5.156401895420199,69.18516782841817
920,78.85397696141892,69.57065604417522
921,69.83346027726014,70.14252750643092
922,33.64299664336891,69.75620821211862
923,70.04607738838833,70.0122164952634
924,68.72237638028608,69.16875625624017
925,126.96779939788425,69.74154850182616
926,46.24683424985695,68.68353672803511
927,8.520710439083945,68.75441906747203
928,61.20209879080212,69.32125466279354
929,14.037127660964021,68.48221369943946
930,110.215633101772,69.32291424557042
931,14.41195246106966,68.7701810775659
932,15.031569640996393,68.8470882152752
933,131.44644311427524,69.61982037742332
934,7.711565303462121,69.56012729094189
935,7.698850301874484,69.34990808445447
936,88.85194684536755,70.01557110208883
937,173.90039259550122,70.18747734567349
938,80.1588126420848,70.60156084037975
939,186.8685944145196,72.01761936570574
940,2.9609234556948323,69.28469960986752
941,97.51727525048014,69.10365175454481
942,13.970481162288724,68.6364588902403
943,86.61871534187911,69.49407237668615
944,61.07986103597329,69.14002731943506
945,42.13457152128842,69.09868847514889
946,18.578973731364464,68.28624898668149
947,18.830955177067583,68.10758774868148
948,25.59255521570872,66.88705088312754
949,164.6604544794453,67.64441338940513
950,42.614989452127126,67.86802708427325
951,151.11868072353772,67.54485075207675
952,91.342921903295,68.35696547331
953,48.05424661222361,68.7555554060599
954,49.68424241394859,68.63985148682063
955,22.65227874852608,68.6364534397555
956,176.26423607487538,69.61453531715829
957,32.08412236360902,69.0416206248167
958,37.01517430980169,68.99032602188703
959,52.681189784593464,69.49013978435896
960,83.06701877537849,69.37748725239935
961,59.10942015895015,69.51844605582184
962,157.6569435148181,71.02902603976884
963,108.8037883857935,72.10035067725195
964,87.0617483846972,72.08918115967306
965,77.0087265677035,72.18868430826639
966,188.16576260947653,72.59704406430946
967,35.96964861284273,72.52781502733593
968,17.2685029102286,71.84393282854828
969,281.89377657298877,74.52819314065134
970,51.14168971592236,73.8406897059398
971,9.910894183520501,73.35180458559229
972,15.968100268903196,72.60826851909566
973,4.95384630621261,71.79929028687691
974,84.71360751724448,72.12591154290656
975,18.40569038613867,71.96246056929924
976,83.72519878884239,72.65472594673378
977,97.55598501083063,70.4101653402766
978,12.050016583873113,69.54079534849902
979,208.17996755298824,71.58619052472973
980,9.41617350717033,71.67347937133539
981,65.04217919685317,72.22771389876378
982,4.1949637328790015,71.69467531502782
983,26.716335316376693,71.79355606829942
984,234.8197433630814,73.1947979798951
985,15.77469059199558,71.70198277676643
986,65.8202612709764,70.97516851566687
987,49.504407338981174,71.4337614249398
988,101.4789179108539,72.40708508151951
989,76.43581466810461,72.77310631742934
990,70.92343080179582,72.76469119784807
991,95.01579178095659,72.39728964209102
